image_id,model,Bleu_1,Bleu_2,Bleu_3,Bleu_4,METEOR,ROUGE_L,CIDEr,SPICE All,SPICE Obj,SPICE Rel,caption,time
24755,llava-v1.5-7B-F16,0.5833333332847223,0.5149286504995761,0.43006931372929474,0.3066148709997289,0.23098526564255825,0.46212121212121204,1.4395554287020875,0.21428571428571427,0.28571428571428575,0.22222222222222224,A group of skiers wearing red and blue skiing down a slope.,70.69608780700946
92526,llava-v1.5-7B-F16,0.8668778995025025,0.791347633590941,0.6880414447805617,0.5154486829392567,0.4218183522166957,0.8356164383561644,1.8655015341697583,0.2666666666666667,0.33333333333333337,0.25,A giraffe eating leaves from a tree.,69.51362631598022
106335,llava-v1.5-7B-F16,0.6618726767729786,0.5003287149469438,0.3326781406642599,5.0489840121490154e-05,0.258899556151295,0.465648854961832,1.4380802058120854,0.2222222222222222,0.39999999999999997,0.0,A busy city street with cars and trucks.,72.79533217800781
119232,llava-v1.5-7B-F16,0.9999999997500004,0.9999999997410718,0.9999999997301591,0.8801117365437668,0.44866133826684906,0.875,2.895000320701016,0.3,0.4444444444444445,0.0,A fighter jet is flying in the sky.,67.22105297099915
150365,llava-v1.5-7B-F16,0.6666666665185187,0.5773502690573166,0.45667114028786526,0.3549481055131488,0.31817190564329095,0.6256410256410255,1.0023810880523993,0.14285714285714285,0.36363636363636365,0.0,A giraffe is standing in a field of grass.,71.90818800599664
156740,llava-v1.5-7B-F16,0.9999999998888891,0.6123724356235007,3.769737205169569e-06,9.720654207743839e-09,0.2522740252861911,0.5213675213675214,0.8261840156403901,0.25,0.47058823529411764,0.0,A display of bread and pastries in a bakery.,75.25308982300339
158005,llava-v1.5-7B-F16,0.9999999997500004,0.8451542545096824,0.7094917057937421,0.6147881527768917,0.38435977337996763,0.8714285714285713,1.6563427941768725,0.2352941176470588,0.38095238095238093,0.2,A table with plates of food and silverware.,71.97916106498451
175102,llava-v1.5-7B-F16,0.8888888886913584,0.8164965807406125,0.575369582528176,0.42210681253297316,0.31604079419446723,0.5020576131687242,1.139253395214421,0.17647058823529413,0.25,0.0,A man eating a doughnut in a red shirt.,71.71249638401787
184590,llava-v1.5-7B-F16,0.7999999998400004,0.7302967431901053,0.5848035475185734,0.4111336168101766,0.3888008876925905,0.6802973977695167,2.4856195689881027,0.21428571428571425,0.4,0.2222222222222222,"A box full of vegetables including carrots, lettuce, and onions.",75.14198959901114
331627,llava-v1.5-7B-F16,0.08986579278749814,3.1772355737578207e-09,1.1477500776395998e-11,7.634297901288654e-13,0.18328978450695768,0.12577319587628866,0.07149224190453268,0.2857142857142857,0.4444444444444445,0.3076923076923077,Two men adjusting their ties.,51.313268653990235
370209,llava-v1.5-7B-F16,0.6514390573449302,0.46063697497288864,3.023712254269873e-06,8.191412480681348e-09,0.2224015361820442,0.4873501997336884,0.41585532475429887,0.1176470588235294,0.33333333333333337,0.0,A man is cooking in the kitchen.,71.95946919400012
393089,llava-v1.5-7B-F16,0.5833333332361111,0.32566947358395304,2.197107811108781e-06,5.859059369098998e-09,0.19803432062193949,0.2932692307692307,0.35492058723390085,0.06896551724137931,0.16666666666666666,0.0,A boy with a white tank top is smiling at the camera.,69.96434247400612
421169,llava-v1.5-7B-F16,0.8999999998200003,0.6324555319036713,0.3684031497859238,5.1697315384357014e-05,0.2248476499465591,0.5313588850174217,1.1349077124929825,0.13793103448275862,0.3333333333333333,0.0,A large red and white airplane is on the runway.,70.48315599400667
422918,llava-v1.5-7B-F16,0.9999999998000004,0.9428090413882642,0.822070691269181,0.6311969076838888,0.49243730979666855,0.9,3.920151366738579,0.3636363636363636,0.6,0.1818181818181818,A woman is sitting on a couch using a laptop.,66.00989477802068
434858,llava-v1.5-7B-F16,0.8888888887901236,0.7453559924119366,0.5414435071414103,0.4032989116198,0.30933345829224357,0.7299145299145299,2.0470880865524554,0.39999999999999997,0.5,0.4444444444444445,A vase with a bunch of flowers in it.,67.63039521398605
460053,llava-v1.5-7B-F16,0.4999999999000002,0.4082482903799455,0.27516060401620823,4.153509236293698e-05,0.27769419141166524,0.42508710801393734,0.4870808286652538,0.1,0.28571428571428575,0.0,Two people are laying on the toilet in a bathroom.,70.80054541799473
461774,llava-v1.5-7B-F16,0.7499999998125003,0.46291004976641537,0.3293168779153118,5.169731538105413e-05,0.23883483101116276,0.5,1.0000461066551698,0.14814814814814814,0.4444444444444444,0.0,A group of zebras standing in a field.,72.36163834499894
461953,llava-v1.5-7B-F16,0.5054422162587139,0.35018063953428713,0.26492666769567674,4.403288425543113e-05,0.29459019029655054,0.5147679324894514,0.8606894459695458,0.3478260869565218,0.5,0.33333333333333337,Two hot dogs on a plate.,69.26389463999658
500473,llava-v1.5-7B-F16,0.9999999997777782,0.9999999997708338,0.8939035348843251,0.7730551755025993,0.40567098853729283,0.6876006441223833,1.6576729324496804,0.32432432432432434,0.47058823529411764,0.16666666666666669,A grocery store with a large display of vegetables.,113.82679551100591
517687,llava-v1.5-7B-F16,0.6249999998437503,0.42257712725484126,0.3098990470369235,4.939382735714412e-05,0.2411439313553122,0.3860759493670886,1.0887309394169282,0.21428571428571427,0.2,0.0,Two cell phones with a keyboard on them.,63.04818783301744
24755,llava-v1.5-7B-Q5_K,0.4444444443456792,0.3333333332569446,0.25131581365004724,4.032989115749891e-05,0.1577602365481318,0.2946859903381642,0.4604671448706753,0.08,0.15384615384615385,0.0,Skiers wearing red and blue skiing down a slope.,40.883159093995346
92526,llava-v1.5-7B-Q5_K,0.9999999997500004,0.8451542545096824,0.6197980940738467,0.4671379775957057,0.4581915942552156,0.8714285714285713,1.771175418086913,0.1935483870967742,0.4615384615384615,0.0,A giraffe is eating leaves from a tree.,40.37969915999565
106335,llava-v1.5-7B-Q5_K,0.6618726767729786,0.5003287149469438,0.3326781406642599,5.0489840121490154e-05,0.258899556151295,0.465648854961832,1.4380802058120854,0.2222222222222222,0.39999999999999997,0.0,A busy city street with cars and trucks.,40.028359755000565
119232,llava-v1.5-7B-Q5_K,0.9999999997500004,0.9999999997410718,0.9999999997301591,0.8801117365437668,0.44866133826684906,0.875,2.895000320701016,0.3,0.4444444444444445,0.0,A fighter jet is flying in the sky.,40.25379641901236
150365,llava-v1.5-7B-Q5_K,0.6666666665185187,0.5773502690573166,0.45667114028786526,6.311969076663555e-05,0.3159496357864064,0.5213675213675214,0.8754275994085885,0.13793103448275862,0.36363636363636365,0.0,A giraffe stands in a field of tall grass.,40.21255147299962
156740,llava-v1.5-7B-Q5_K,0.8888888887901236,0.4714045207353799,3.166380838243339e-06,8.528733594472644e-09,0.19409155586747556,0.5213675213675214,0.520805435136799,0.25,0.47058823529411764,0.0,A display of breads and pastries in a bakery.,40.35791597800562
158005,llava-v1.5-7B-Q5_K,0.9999999997500004,0.8451542545096824,0.7094917057937421,0.6147881527768917,0.38435977337996763,0.8714285714285713,1.6563427941768725,0.2352941176470588,0.38095238095238093,0.2,A table with plates of food and silverware.,40.037525432999246
175102,llava-v1.5-7B-Q5_K,0.8888888886913584,0.8164965807406125,0.575369582528176,0.42210681253297316,0.31604079419446723,0.5020576131687242,1.139253395214421,0.17647058823529413,0.25,0.0,A man eating a donut in a red shirt.,40.64734667100129
184590,llava-v1.5-7B-Q5_K,0.7999999998400004,0.7302967431901053,0.5848035475185734,0.4111336168101766,0.3888008876925905,0.6802973977695167,2.4856195689881027,0.21428571428571425,0.4,0.2222222222222222,"A box full of vegetables including carrots, lettuce, and onions.",41.490017333009746
331627,llava-v1.5-7B-Q5_K,0.08986579278749814,3.1772355737578207e-09,1.1477500776395998e-11,7.634297901288654e-13,0.18328978450695768,0.12577319587628866,0.07149224190453268,0.2857142857142857,0.4444444444444445,0.3076923076923077,Two men adjusting their ties.,39.49578344199108
370209,llava-v1.5-7B-Q5_K,0.6514390573449302,0.46063697497288864,3.023712254269873e-06,8.191412480681348e-09,0.2224015361820442,0.4873501997336884,0.41585532475429887,0.1176470588235294,0.33333333333333337,0.0,A man is cooking in the kitchen.,39.70661317300983
393089,llava-v1.5-7B-Q5_K,0.5833333332361111,0.32566947358395304,2.197107811108781e-06,5.859059369098998e-09,0.19803432062193949,0.2932692307692307,0.35492058723390085,0.06896551724137931,0.16666666666666666,0.0,A boy with a white tank top is smiling at the camera.,40.60107122498448
421169,llava-v1.5-7B-Q5_K,0.6441233938804958,0.4919573682190146,0.33133470859910874,5.112863129953035e-05,0.2367713889588766,0.6112224448897796,0.9253241057687299,0.23076923076923075,0.3636363636363636,0.0,A large airplane is on the runway.,40.14068235899322
422918,llava-v1.5-7B-Q5_K,0.9999999998000004,0.9428090413882642,0.822070691269181,0.6311969076838888,0.49243730979666855,0.9,3.920151366738579,0.3636363636363636,0.6,0.1818181818181818,A woman is sitting on a couch using a laptop.,40.65894849298638
434858,llava-v1.5-7B-Q5_K,0.5833333332847223,0.32566947361109216,2.1971078112918733e-06,5.859059369587253e-09,0.19470788798824123,0.3696969696969697,0.6748037577677293,0.22222222222222218,0.4444444444444445,0.2,A vase with a purple flower and a cat in the background.,41.32662591399276
460053,llava-v1.5-7B-Q5_K,0.4999999999000002,0.4082482903799455,0.27516060401620823,4.153509236293698e-05,0.27769419141166524,0.42508710801393734,0.4870808286652538,0.1,0.28571428571428575,0.0,Two people are laying on the toilet in a bathroom.,41.369990884006256
461774,llava-v1.5-7B-Q5_K,0.7499999998125003,0.46291004976641537,0.3293168779153118,5.169731538105413e-05,0.23883483101116276,0.5,1.0000461066551698,0.14814814814814814,0.4444444444444444,0.0,A group of zebras standing in a field.,40.06656925199786
461953,llava-v1.5-7B-Q5_K,0.5054422162587139,0.35018063953428713,0.26492666769567674,4.403288425543113e-05,0.29459019029655054,0.5147679324894514,0.8606894459695458,0.3478260869565218,0.5,0.33333333333333337,Two hot dogs on a plate.,39.45452529998147
500473,llava-v1.5-7B-Q5_K,0.9999999997777782,0.9999999997708338,0.8939035348843251,0.7730551755025993,0.40567098853729283,0.6876006441223833,1.6576729324496804,0.32432432432432434,0.47058823529411764,0.16666666666666669,A grocery store with a large display of vegetables.,46.76101060101064
517687,llava-v1.5-7B-Q5_K,0.8999999998200003,0.774596669082261,0.6694329499402253,0.5988059641008373,0.3012959453433873,0.7701402805611223,1.9981775922239016,0.3333333333333333,0.5454545454545454,0.2,Two Nokia phones are side by side on a table.,40.98755312801222
24755,llava-v1.5-7B-Q2_K,0.8888888886913584,0.8164965807406125,0.7249202484964744,0.596949179054208,0.2558944617976744,0.5893719806763285,2.1390868233450746,0.3076923076923077,0.42857142857142855,0.22222222222222224,A group of skiers are skiing down a hill.,30.60834282299038
92526,llava-v1.5-7B-Q2_K,0.7165313103349458,0.6408850871556931,0.527944783386671,7.699630012415168e-05,0.33520678036654417,0.8356164383561644,1.6434097589020524,0.14285714285714288,0.33333333333333337,0.0,A giraffe eating from a tree.,29.829795617988566
106335,llava-v1.5-7B-Q2_K,0.772184789568475,0.6240195440321152,0.3854660270400832,5.6386531026519244e-05,0.258899556151295,0.465648854961832,1.4846550119260589,0.2777777777777778,0.5333333333333333,0.0,A busy city street with lots of cars.,30.029784318001475
119232,llava-v1.5-7B-Q2_K,0.7499999998125003,0.5669467093670424,0.4749571256683354,6.80374933124145e-05,0.19547135365800264,0.5446428571428571,1.1207452531159565,0.21052631578947367,0.22222222222222224,0.0,A fighter jet is shown in a mirror.,30.25804878800409
150365,llava-v1.5-7B-Q2_K,0.6666666665185187,0.5773502690573166,0.45667114028786526,6.311969076663555e-05,0.3159496357864064,0.5213675213675214,0.8754275994085885,0.13793103448275862,0.36363636363636365,0.0,A giraffe stands in a field of tall grass.,30.304034055006923
156740,llava-v1.5-7B-Q2_K,0.5971094252791215,0.29252268250319813,2.4840753121332403e-06,7.778610910179157e-09,0.10895981783194228,0.3588235294117647,0.33389314673112636,0.19999999999999998,0.375,0.0,A display of breads and pastries.,30.00838615797693
158005,llava-v1.5-7B-Q2_K,0.9999999997500004,0.7559289458227232,0.57536958250953,0.4417918225578522,0.3040690586358266,0.7624999999999998,1.2875702903662658,0.19607843137254902,0.38095238095238093,0.1,A table with plates of food and drinks.,30.32408141801716
175102,llava-v1.5-7B-Q2_K,0.4390493086996017,0.4251076651787314,3.2094699162731974e-06,9.759404319474796e-09,0.14487090682637838,0.38791732909379967,0.46155143590781555,0.06666666666666667,0.13333333333333336,0.0,A man eating a doughnut.,29.927866506011924
184590,llava-v1.5-7B-Q2_K,0.5488116358745021,0.5488116358607817,0.47943112389063747,0.41700666558788624,0.3247875416606277,0.7384987893462469,2.8699570913171364,0.18181818181818182,0.5,0.0,A box full of vegetables.,29.788636936980765
331627,llava-v1.5-7B-Q2_K,1.0735389898008262e-16,1.1595546370745083e-16,1.2642785332855274e-16,1.3958734299260755e-16,0.05540902364166988,0.0,0.0,0.14814814814814817,0.4444444444444445,0.0,Two men fixing each other's ties.,30.015198748995317
370209,llava-v1.5-7B-Q2_K,0.42784759905121095,0.29642151177628173,2.2425558264055903e-06,6.628186502891176e-09,0.18059778616596456,0.3360881542699724,0.3022046498634763,0.0588235294117647,0.16666666666666669,0.0,A man is smiling while cooking.,29.968579533015145
393089,llava-v1.5-7B-Q2_K,0.5515605639774822,0.26369638633624565,2.170651479684559e-06,6.518210331440214e-09,0.11472897194069713,0.3070469798657718,0.4392804523181907,0.07142857142857144,0.16666666666666666,0.0,A boy with a smile on his face.,30.039256357005797
421169,llava-v1.5-7B-Q2_K,0.5054422162587139,0.35018063953428713,0.26492666769567674,4.403288425543113e-05,0.13394187672967997,0.3860759493670886,0.7555874717681897,0.16,0.3636363636363636,0.0,A plane is on the runway.,30.017499806999695
422918,llava-v1.5-7B-Q2_K,0.8888888886913584,0.8164965807406125,0.7249202484964744,0.596949179054208,0.41483331039986276,0.8341880341880341,2.8072672482269367,0.2857142857142857,0.6,0.0,A woman sitting on a couch with a laptop.,30.139190852991305
434858,llava-v1.5-7B-Q2_K,0.8749999997812503,0.7071067810034577,4.367902322502858e-06,1.1362193661452328e-08,0.24407795610693142,0.5446428571428571,1.2877613592265436,0.25,0.5714285714285715,0.22222222222222224,A vase with a flower arrangement in it.,30.085924636980053
460053,llava-v1.5-7B-Q2_K,0.3032653297552284,0.27124875701611134,0.22344780544407544,3.875385823806996e-05,0.19962314233768827,0.3860759493670886,0.4979200197327357,0.1,0.25,0.0,Two people sleeping in a bathroom.,30.02178680099314
461774,llava-v1.5-7B-Q2_K,0.6666666665185187,0.40824829037030635,0.28768479126408814,4.463236136748592e-05,0.2323013553907966,0.4756335282651072,0.8582552864964768,0.07407407407407407,0.2222222222222222,0.0,A group of zebras standing together in a field.,30.374808485998074
461953,llava-v1.5-7B-Q2_K,0.5054422162587139,0.35018063953428713,0.26492666769567674,4.403288425543113e-05,0.29459019029655054,0.5147679324894514,0.8606894459695458,0.3478260869565218,0.5,0.33333333333333337,Two hot dogs on a plate.,29.77801841899054
500473,llava-v1.5-7B-Q2_K,0.9999999997500004,0.9258200995328305,0.753947440925708,0.5410822689004724,0.24530360196822065,0.5820610687022901,1.5302453638186724,0.2222222222222222,0.375,0.0,A grocery store with a large produce section.,29.366140358994016
517687,llava-v1.5-7B-Q2_K,0.8668778995025025,0.791347633590941,0.6880414447805617,0.5154486829392567,0.3001200794755329,0.6288659793814433,1.8900445199850262,0.28571428571428575,0.4,0.0,Two cell phones are side by side.,29.934047314018244
24755,MobileVLM-1.7B-F16,0.7777777776049386,0.6236095643194133,0.4807498566549901,6.55996556926105e-05,0.2393224570237304,0.5893719806763285,1.279161477641387,0.14814814814814814,0.28571428571428575,0.0,A group of people skiing down a snowy hill.,6.483330496004783
92526,MobileVLM-1.7B-F16,0.9090909089256201,0.7385489457383579,0.4948976030651392,0.35084396949451946,0.43956591969199543,0.768503937007874,1.5411267789223277,0.18181818181818182,0.4285714285714285,0.0,A giraffe is eating leaves from a tree in a zoo.,6.5262248829967575
106335,MobileVLM-1.7B-F16,0.5999999998800002,0.516397779388174,0.32182979480030366,4.671379776255505e-05,0.20778995314868892,0.4,0.9318884021671519,0.2352941176470588,0.42857142857142855,0.2,A car is driving down a street in a city.,6.937674929002242
119232,MobileVLM-1.7B-F16,0.5624999999648439,0.5123475382648909,0.48274469227053624,0.36271021887699756,0.3487200102217785,0.5801630434782609,0.9733656974749807,0.2727272727272727,0.4,0.0,A fighter jet is flying in the air and appears to be reflecting off a mirror.,7.299404721998144
150365,MobileVLM-1.7B-F16,0.7499999998125003,0.7319250545218838,0.7094917057937421,0.6803749331241451,0.35919818272395,0.6535714285714286,1.4069168252290316,0.27586206896551724,0.5,0.22222222222222224,A giraffe standing in a field of grass.,6.447580665000714
156740,MobileVLM-1.7B-F16,0.5999999998800002,0.2581988896940871,2.0274006647612524e-06,5.873949093408464e-09,0.1166495497461145,0.4,0.32413771517157974,0.12121212121212122,0.25,0.0,"A display of various baked goods, including a teddy bear.",6.366350361000514
158005,MobileVLM-1.7B-F16,0.6666666666222223,0.37796447298312974,2.2232392575468417e-06,5.501034141770606e-09,0.1938113896359928,0.5707602339181287,0.17687423296093352,0.11320754716981131,0.2608695652173913,0.0,"A table with a bowl of food, a cup, a spoon, and a wine glass.",8.179388913995354
175102,MobileVLM-1.7B-F16,0.818181818033058,0.7006490496147952,0.5469655074880799,0.3781790426904952,0.2961164832561204,0.5454545454545454,1.0219267342733924,0.125,0.25,0.0,A man is eating a donut while sitting at a table.,6.5471238660029485
184590,MobileVLM-1.7B-F16,0.7272727272066117,0.6605782590127613,0.4594222376755416,5.900468725762905e-05,0.3342172497247408,0.4803149606299213,1.3019363930619254,0.32000000000000006,0.5,0.2857142857142857,A box of fresh vegetables is displayed in a cardboard box.,7.351588361001632
331627,MobileVLM-1.7B-F16,0.36363636357024803,0.19069251781358043,1.5927279407538764e-06,4.740604258941092e-09,0.1481401875601122,0.32317880794701986,0.2210521403854387,0.14285714285714285,0.4,0.0,A man and a woman are getting dressed for a wedding.,7.980563949997304
370209,MobileVLM-1.7B-F16,0.5294117646747406,0.40674460838530657,0.22259604833645616,2.9792440366740352e-05,0.26898757879317114,0.4457978075517661,0.3813044362802001,0.15789473684210525,0.4285714285714285,0.0,"A man is cooking in a kitchen, and he is using a spoon to stir a pot.",7.123496193002211
393089,MobileVLM-1.7B-F16,0.6428571428112246,0.44474958996367114,0.32064658638696786,0.23397625977074205,0.32517090948390215,0.543026706231454,0.9497669432547386,0.2580645161290322,0.42857142857142855,0.13333333333333333,A boy is looking at a plate of food with a fork and knife.,7.444677006002166
421169,MobileVLM-1.7B-F16,0.7777777776049386,0.5400617247435577,3.46680637093004e-06,9.128709289493235e-09,0.3453026111002615,0.6666666666666666,0.9602350802607531,0.23076923076923075,0.3636363636363636,0.0,A large airplane is taking off from the runway.,6.261892185997567
422918,MobileVLM-1.7B-F16,0.7692307691715977,0.620173672896349,0.4119912452826478,5.142401604576805e-05,0.3737268749318929,0.7124087591240876,1.942981517131154,0.24,0.5454545454545454,0.0,A woman is sitting on a couch with a laptop in her lap.,7.1544022650050465
434858,MobileVLM-1.7B-F16,0.6999999998600002,0.48304589144035537,0.3078191250093701,4.51801001705643e-05,0.24704253628256043,0.5,1.2815077090487657,0.23076923076923078,0.4444444444444445,0.2,A vase filled with flowers and a pile of pebbles.,6.530935754002712
460053,MobileVLM-1.7B-F16,0.6999999998600002,0.5577733509080639,0.42685972157198826,5.773502690627579e-05,0.30224785011303884,0.6376306620209059,1.2536979245200537,0.2105263157894737,0.5714285714285715,0.0,A person is sitting on a toilet in a bathroom.,6.551326273998711
461774,MobileVLM-1.7B-F16,0.6666666665185187,0.40824829037030635,0.28768479126408814,4.463236136748592e-05,0.2323013553907966,0.4756335282651072,0.8582552864964768,0.07407407407407407,0.2222222222222222,0.0,A group of zebras standing together in a field.,6.910418203005975
461953,MobileVLM-1.7B-F16,0.6441233938804958,0.4016815091130278,2.894475287212757e-06,8.21563908155714e-09,0.2623032678816666,0.48897795591182364,0.8640410594045924,0.4166666666666667,0.5,0.33333333333333337,Two hot dogs on a paper plate.,6.487986059000832
500473,MobileVLM-1.7B-F16,0.6666666666111113,0.49236596387443554,0.36464367169524575,0.270919885441463,0.27548940408205236,0.43821839080459773,0.5591203934052305,0.16216216216216217,0.23529411764705882,0.0,A woman is standing in front of a large display of vegetables.,10.418162622001546
517687,MobileVLM-1.7B-F16,0.4285714285102042,0.40599897141145996,0.38016856538197863,0.34987611485788755,0.3086020839851827,0.4680306905370844,1.170560550534144,0.26666666666666666,0.5454545454545454,0.18181818181818182,A Nokia phone and a Blackberry phone sit side by side on a table.,8.326387911001802
24755,MobileVLM-1.7B-Q5_K,0.7777777776049386,0.6236095643194133,0.4807498566549901,6.55996556926105e-05,0.2393224570237304,0.5893719806763285,1.279161477641387,0.14814814814814814,0.28571428571428575,0.0,A group of people skiing down a snowy hill.,5.978342738999345
92526,MobileVLM-1.7B-Q5_K,0.9230769230059173,0.5547001961807821,3.0355774495707063e-06,7.272454092361684e-09,0.3811701745656071,0.5457798985982703,1.0595469849073518,0.1875,0.4615384615384615,0.0,A giraffe is standing next to a tree and eating leaves from it.,6.1862130320005235
106335,MobileVLM-1.7B-Q5_K,0.5999999998800002,0.516397779388174,0.32182979480030366,4.671379776255505e-05,0.20778995314868892,0.4,0.9318884021671519,0.2352941176470588,0.42857142857142855,0.2,A car is driving down a street in a city.,6.29862296400097
119232,MobileVLM-1.7B-Q5_K,0.5882352940830451,0.4696682182853713,0.4189418027422962,0.3201406061374511,0.3395699224900117,0.5611038107752957,0.7523085340593684,0.2222222222222222,0.36363636363636365,0.0,"A silver fighter jet is flying in the air, with a large black object on the wing.",6.8993395139987115
150365,MobileVLM-1.7B-Q5_K,0.636363636247934,0.35675303393985225,2.418230050045727e-06,6.48411507011597e-09,0.2660458083042958,0.5763779527559055,0.6859172663285618,0.13793103448275862,0.36363636363636365,0.0,A giraffe is standing in the middle of a grassy field.,6.205104957996809
156740,MobileVLM-1.7B-Q5_K,0.7777777776913581,0.3118047821943517,2.403749283542035e-06,6.936319082866856e-09,0.12241340985121661,0.41709401709401706,0.3345124672732437,0.1875,0.3529411764705882,0.0,A display of breads and pastries in a store.,6.001302860000578
158005,MobileVLM-1.7B-Q5_K,0.6666666666222223,0.37796447298312974,2.2232392575468417e-06,5.501034141770606e-09,0.1938113896359928,0.5707602339181287,0.17687423296093352,0.11320754716981131,0.2608695652173913,0.0,"A table with a bowl of food, a cup, a spoon, and a wine glass.",6.436519727001723
175102,MobileVLM-1.7B-Q5_K,0.6086956521474481,0.47047196887604464,0.3480455356342001,0.25481620919458803,0.3241065086027588,0.5025746652935119,0.14324746460715193,0.15,0.3157894736842105,0.0,A man is sitting at a table with a plate of food in front of him. He is eating a doughnut and smiling.,6.752265522001835
184590,MobileVLM-1.7B-Q5_K,0.4999999999000002,0.33333333326481496,2.403749283336e-06,6.674094717574906e-09,0.3510551799539619,0.4535315985130111,1.1981111807936535,0.21428571428571425,0.6,0.0,"A box filled with various vegetables, including carrots and broccoli.",6.495482808000816
331627,MobileVLM-1.7B-Q5_K,0.26190476189852613,0.11303027047441294,6.83559800121601e-07,1.6916722834125866e-09,0.18022324481799637,0.2399685287175452,8.125240653997636e-06,0.1951219512195122,0.39999999999999997,0.11764705882352942,"A man and a woman are standing next to each other, both wearing ties. The man is holding a tie in his hand, and the woman is looking at him. They are both wearing suits, and there are cars in the background.",8.14091570799792
370209,MobileVLM-1.7B-Q5_K,0.40624999998730477,0.2804086879058332,0.13787553963788365,1.7338675531051076e-05,0.29118469442426304,0.4080267558528428,0.006454148065493102,0.12244897959183673,0.3157894736842105,0.0,"A man is cooking in a kitchen, and he is holding a spoon in his hand. The kitchen counter is filled with various items, including a bowl, a bottle, and a cup.",7.28585543599911
393089,MobileVLM-1.7B-Q5_K,0.34482758619500603,0.24814583348402305,0.16584157063820354,0.11508711800012088,0.2717702312702719,0.3871260199456029,0.00839796387371091,0.3243243243243243,0.6250000000000001,0.10526315789473685,A boy is sitting at a table with a plate of food and a fork. He is looking at a plate of food with eggs and tomatoes on it.,7.074566057002812
421169,MobileVLM-1.7B-Q5_K,0.6999999998600002,0.3944053187922357,2.689047742804065e-06,7.259795289559491e-09,0.3379557470342985,0.6376306620209059,0.8585741246346303,0.22222222222222218,0.3636363636363636,0.0,A large airplane is taking off from an airport runway.,5.957364535999659
422918,MobileVLM-1.7B-Q5_K,0.7692307691715977,0.620173672896349,0.4119912452826478,5.142401604576805e-05,0.3737268749318929,0.7124087591240876,1.942981517131154,0.24,0.5454545454545454,0.0,A woman is sitting on a couch with a laptop in her lap.,6.123945517996617
434858,MobileVLM-1.7B-Q5_K,0.6999999998600002,0.48304589144035537,0.3078191250093701,4.51801001705643e-05,0.24704253628256043,0.5,1.2815077090487657,0.23076923076923078,0.4444444444444445,0.2,A vase filled with flowers and a pile of leaves.,5.892148699997051
460053,MobileVLM-1.7B-Q5_K,0.38095238093424044,0.23904572185521109,0.14434534519045383,2.0217803036299014e-05,0.2083340922836573,0.35924617196702,0.050930661488538635,0.09523809523809522,0.25,0.0,A man is sitting on a toilet in a bathroom while another man is sitting on a toilet in another room.,6.365768097006367
461774,MobileVLM-1.7B-Q5_K,0.7499999998125003,0.46291004976641537,0.3293168779153118,5.169731538105413e-05,0.23883483101116276,0.5,1.0000461066551698,0.14814814814814814,0.4444444444444444,0.0,A group of zebras standing in a field.,6.740718989000015
461953,MobileVLM-1.7B-Q5_K,0.4999999999000002,0.23570226034706615,1.907857070517686e-06,5.612222323072491e-09,0.17992083420487312,0.31881533101045295,0.40153122548046544,0.15384615384615383,0.2222222222222222,0.0,A close-up of two hot dogs with mustard on them.,6.127091941001709
500473,MobileVLM-1.7B-Q5_K,0.4999999999687501,0.3651483716465283,0.2670629029918754,0.19564751496565516,0.25748356067799666,0.3831658291457286,0.30546909507164594,0.14634146341463417,0.21052631578947367,0.0,"A woman is standing in front of a large display of vegetables, including broccoli and carrots.",6.820330982998712
517687,MobileVLM-1.7B-Q5_K,0.21428571425510212,0.1283881477345801,1.1116196286878442e-06,3.3428661210543593e-09,0.1236158446108328,0.2340153452685422,0.03843179102519543,0.07692307692307693,0.2222222222222222,0.0,A black and white Nokia phone is placed next to a white Nokia phone.,6.217073389001598
24755,MobileVLM-1.7B-Q2_K,0.4999999999000002,0.33333333326481496,2.403749283336e-06,6.674094717574906e-09,0.17829788372499647,0.28328173374613,0.31593061983148485,0.15384615384615385,0.28571428571428575,0.0,The man in the middle is skiing down the hill.,5.029369900999882
92526,MobileVLM-1.7B-Q2_K,0.8668778995025025,0.791347633590941,0.6880414447805617,0.5154486829392567,0.4218183522166957,0.8356164383561644,1.8655015341697583,0.2666666666666667,0.33333333333333337,0.25,A giraffe eating leaves from a tree.,4.963840933000029
106335,MobileVLM-1.7B-Q2_K,0.4294155959203306,7.333667449130742e-09,2.0069170737182577e-11,1.1100972798838728e-12,0.1564238765802374,0.24448897795591182,0.27797792174247643,0.125,0.3076923076923077,0.0,A car is driving on the street.,4.850480372995662
119232,MobileVLM-1.7B-Q2_K,0.5971094252791215,0.4136895448977815,0.31297387752808453,5.201870632366134e-05,0.23924815319399934,0.3588235294117647,1.014475408605073,0.2,0.22222222222222224,0.0,The plane is a fighter jet.,4.893825478000508
150365,MobileVLM-1.7B-Q2_K,0.7165313103349458,0.7165313103230035,0.7165313103070807,0.7165313102841915,0.37066195451301215,0.7176470588235294,1.5791450311740776,0.29629629629629634,0.5454545454545454,0.25,A giraffe standing in a field.,4.759895912997308
156740,MobileVLM-1.7B-Q2_K,9.118819637307602e-19,2.883623964058067e-14,9.118819643386826e-13,5.127889122861252e-12,0.0,0.0,0.0,0.0,0.0,0.0,USER,4.928244479000568
158005,MobileVLM-1.7B-Q2_K,0.6133629429839885,0.3203183500930099,2.113444318492887e-06,5.573585640056553e-09,0.18747479828108435,0.5,0.30761796479062503,0.0784313725490196,0.19047619047619047,0.0,A man is sitting at a table with a bowl of food.,4.902395285993407
175102,MobileVLM-1.7B-Q2_K,9.118819637307602e-19,2.883623964058067e-14,9.118819643386826e-13,5.127889122861252e-12,0.0,0.0,0.0,0.0,0.0,0.0,USER,5.2871523430003435
184590,MobileVLM-1.7B-Q2_K,0.30769230766863914,0.16012815379225645,1.3259105795695037e-06,3.9073802491094676e-09,0.1792444416426083,0.39804241435562804,0.5438263470194453,0.14285714285714288,0.4,0.0,Suggest a short caption for this image: The box of vegetables is open.,5.158070566998504
331627,MobileVLM-1.7B-Q2_K,0.12383969994662036,0.09087349574651438,8.41815759091597e-07,2.61850917646721e-09,0.11885027576151733,0.18100890207715134,0.15346866426186384,0.19354838709677416,0.5454545454545454,0.0,"A man and woman are wearing ties, and they are both wearing black suits.",6.014890820995788
370209,MobileVLM-1.7B-Q2_K,0.6153846152899412,0.39223227021476764,0.24093394182044076,3.438931217091403e-05,0.2299336189056983,0.44525547445255476,0.4854914303068594,0.15000000000000002,0.26666666666666666,0.10526315789473685,A man wearing glasses and a beard is holding a cup of coffee.,5.764764141997148
393089,MobileVLM-1.7B-Q2_K,0.49999999997222233,0.3429971702654019,0.24499865250037733,0.1769497514845518,0.2836547088323702,0.4728682170542636,0.45948288425237727,0.23529411764705885,0.42857142857142855,0.13333333333333333,A boy with a white shirt and a black tank top is looking at a plate of food.,5.378243974002544
421169,MobileVLM-1.7B-Q2_K,0.10735389898008273,3.666833724565372e-09,1.2642785332855273e-11,7.849573143826273e-13,0.01990049751243781,0.12224448897795591,0.0,0.0,0.0,0.0,Suggest a short caption for this image.,5.2690495229981025
422918,MobileVLM-1.7B-Q2_K,3.3546262723158953e-19,1.0608259724462612e-14,3.3546262745523167e-13,1.886444984907315e-12,0.0,0.0,0.0,0.0,0.0,0.0,USER,5.4007844510051655
434858,MobileVLM-1.7B-Q2_K,0.8888888887901236,0.3333333332939817,2.5131581367797134e-06,7.171781506245975e-09,0.2148849580467115,0.41709401709401706,1.2587820328962467,0.16666666666666666,0.5,0.0,A cat is sitting in the vase of flowers.,5.187132786006259
460053,MobileVLM-1.7B-Q2_K,0.29999999994000015,0.1825741857975264,1.6091489740015195e-06,4.939382736029984e-09,0.11309753243315528,0.31881533101045295,0.049321364265463775,0.0,0.0,0.0,A man wearing blue jeans and a green plastic bag.,5.759638989999075
461774,MobileVLM-1.7B-Q2_K,0.7142857140816329,0.48795003632904355,0.36246012422095697,5.8739490927447296e-05,0.16667365367969825,0.45607476635514016,0.6345884651918212,0.16,0.5,0.0,A zebra is standing in a field.,5.445582976004516
461953,MobileVLM-1.7B-Q2_K,3.3546262723158953e-19,1.0608259724462612e-14,3.3546262745523167e-13,1.886444984907315e-12,0.0,0.0,0.0,0.0,0.0,0.0,USER,4.962207709999348
500473,MobileVLM-1.7B-Q2_K,0.6249999998437503,0.42257712725484126,0.3098990470369235,4.939382735714412e-05,0.17912612325837207,0.5,0.6729997766801341,0.058823529411764705,0.13333333333333336,0.0,A woman is standing in a produce market.,5.961178773002757
517687,MobileVLM-1.7B-Q2_K,0.12499999996875016,4.225771272548414e-09,1.4384239562738269e-11,8.783602617222665e-13,0.06371410994345648,0.125,0.0,0.07407407407407407,0.18181818181818182,0.0,A phone with a keyboard and a mouse.,5.162193627998931
24755,MobileVLM_V2-1.7B-F16,0.636363636247934,0.43693144867122347,0.2768182380057799,4.035278636666363e-05,0.22661788803207997,0.5091819699499166,1.0787944405637093,0.20689655172413796,0.37499999999999994,0.0,A group of people riding skis down a snow covered slope.,6.193584840002586
92526,MobileVLM_V2-1.7B-F16,0.9999999997500004,0.8451542545096824,0.6197980940738467,0.4671379775957057,0.4581915942552156,0.8714285714285713,1.771175418086913,0.1935483870967742,0.4615384615384615,0.0,A giraffe is eating leaves from a tree.,5.574130157998297
106335,MobileVLM_V2-1.7B-F16,0.5999999998800002,0.4472135954080309,0.36840314978592376,0.2907153684202275,0.2206122109604785,0.42508710801393734,1.265766274540816,0.17142857142857143,0.28571428571428575,0.0,A city street with cars and trucks driving down it.,5.99101210799563
119232,MobileVLM_V2-1.7B-F16,0.6666666665925927,0.49999999994097233,0.3293168779625747,4.939382736441597e-05,0.19323408066165243,0.41709401709401706,1.2312479708099318,0.19047619047619047,0.2,0.0,A fighter jet flying over a body of water.,5.9337626959968475
150365,MobileVLM_V2-1.7B-F16,0.7272727271404961,0.6030226890431458,0.5447052936578067,0.49616829993596173,0.3458285233173513,0.5763779527559055,1.377535174379493,0.3225806451612903,0.5,0.2,A giraffe standing in a field with trees in the background.,6.112593886995455
156740,MobileVLM_V2-1.7B-F16,0.6363636363057852,0.5045249790613539,0.3046778943817922,4.336189089885767e-05,0.30970972623956206,0.5763779527559055,0.6898770994629024,0.18181818181818182,0.25,0.0,A display case filled with lots of different types of bread.,5.810811004994321
158005,MobileVLM_V2-1.7B-F16,0.9999999997500004,0.8451542545096824,0.7094917057937421,0.6147881527768917,0.38435977337996763,0.8714285714285713,1.6563427941768725,0.2352941176470588,0.38095238095238093,0.2,A table with plates of food and silverware.,5.764442003994191
175102,MobileVLM_V2-1.7B-F16,0.9999999997777782,0.9999999997708338,0.8939035348843251,0.8307018472356643,0.3725416743313194,0.7721518987341772,1.5701329212784128,0.29411764705882354,0.375,0.19999999999999998,A man eating a hot dog in a restaurant.,5.864865892006492
184590,MobileVLM_V2-1.7B-F16,0.4953587997157158,0.3783365326387855,2.916854919591025e-06,8.563683463576291e-09,0.30717337063339945,0.5269978401727862,1.382206407780687,0.16000000000000003,0.4444444444444444,0.0,A box filled with lots of vegetables.,5.952326605001872
331627,MobileVLM_V2-1.7B-F16,0.22222222217283966,5.270462765739487e-09,1.5831904189457608e-11,9.018037815333522e-13,0.12160560859720555,0.10427350427350426,0.08141089039673666,0.27586206896551724,0.6,0.15384615384615385,Two men in suits adjusting each other's ties.,6.282807342002343
370209,MobileVLM_V2-1.7B-F16,0.833333333263889,0.5504818825152218,0.3928004879004174,5.094110795848885e-05,0.3197802194990501,0.6135057471264368,1.0935141894379954,0.2926829268292683,0.5333333333333333,0.10526315789473685,A man standing in front of a stove with pots and pans.,6.546720066005946
393089,MobileVLM_V2-1.7B-F16,0.818181818033058,0.6396021489476329,0.44964431293646534,0.32649710279826866,0.4585351389030586,0.7128547579298832,1.4135574741583223,0.28571428571428575,0.5,0.15384615384615385,A boy is smiling and looking at a plate of food.,5.83509102500102
421169,MobileVLM_V2-1.7B-F16,0.7272727271404961,0.38138503562716075,2.528298008651847e-06,6.704226836838146e-09,0.21704043987897023,0.5091819699499166,0.6501711428392223,0.14285714285714288,0.3333333333333333,0.0,A large passenger jet sitting on top of an airport runway.,6.883776309994573
422918,MobileVLM_V2-1.7B-F16,0.8888888886913584,0.8164965807406125,0.7249202484964744,0.596949179054208,0.41483331039986276,0.8341880341880341,2.8072672482269367,0.2857142857142857,0.6,0.0,A woman sitting on a couch with a laptop.,5.9875203629999305
434858,MobileVLM_V2-1.7B-F16,0.9999999998000004,0.8819171035069142,0.6631762011754477,0.451801001705643,0.32567802726984474,0.6145063801208865,2.2850566245471033,0.4166666666666667,0.7499999999999999,0.4444444444444445,A vase with flowers in it sitting on a table.,5.77676877900376
460053,MobileVLM_V2-1.7B-F16,0.6666666665185187,0.4999999998854169,0.329316877925984,4.939382735892778e-05,0.26495368706058153,0.5555555555555556,0.9078910678175249,0.2222222222222222,0.5714285714285715,0.0,A person laying on a toilet in a bathroom.,5.961263646997395
461774,MobileVLM_V2-1.7B-F16,0.7499999998125003,0.46291004976641537,0.3293168779153118,5.169731538105413e-05,0.23883483101116276,0.5,1.0000461066551698,0.14814814814814814,0.4444444444444444,0.0,A group of zebras standing in a field.,5.755209360002482
461953,MobileVLM_V2-1.7B-F16,0.6441233938804958,0.4016815091130278,2.894475287212757e-06,8.21563908155714e-09,0.2623032678816666,0.48897795591182364,0.8640410594045924,0.4166666666666667,0.5,0.33333333333333337,Two hot dogs on a paper plate.,5.3355443960026605
500473,MobileVLM_V2-1.7B-F16,0.6666666666111113,0.6513389472221843,0.5963868148528935,0.5541156235438581,0.4337470140899408,0.6135057471264368,1.3223017296628659,0.25,0.3529411764705882,0.15384615384615383,A store with a large display of vegetables and other food items.,6.935120157999336
517687,MobileVLM_V2-1.7B-F16,0.5454545454049587,0.4670993664523271,0.3646436716918694,0.2790159393287965,0.19126168492695902,0.4314002828854314,1.4512986577241602,0.21428571428571427,0.18181818181818182,0.0,Two cell phones are shown with the keyboard on the bottom.,6.082224729994778
24755,MobileVLM_V2-1.7B-Q5_K,0.636363636247934,0.43693144867122347,0.2768182380057799,4.035278636666363e-05,0.22661788803207997,0.5091819699499166,1.0787944405637093,0.20689655172413796,0.37499999999999994,0.0,A group of people riding skis down a snow covered slope.,5.235758429997077
92526,MobileVLM_V2-1.7B-Q5_K,0.8999999998200003,0.7071067810411981,0.39685026290790326,5.4663255684442885e-05,0.35643650762310786,0.7286689419795221,1.3993712883001552,0.12903225806451613,0.30769230769230765,0.0,A giraffe is eating from a tree in a zoo.,5.0956409579957835
106335,MobileVLM_V2-1.7B-Q5_K,0.5999999998800002,0.4472135954080309,0.36840314978592376,0.2907153684202275,0.2206122109604785,0.42508710801393734,1.265766274540816,0.17142857142857143,0.28571428571428575,0.0,A city street with cars and trucks driving down it.,5.612792531996092
119232,MobileVLM_V2-1.7B-Q5_K,0.6666666665925927,0.49999999994097233,0.3293168779625747,4.939382736441597e-05,0.19323408066165243,0.41709401709401706,1.2312479708099318,0.19047619047619047,0.2,0.0,A fighter jet flying over a body of water.,5.1862426470033824
150365,MobileVLM_V2-1.7B-Q5_K,0.7272727271404961,0.6030226890431458,0.5447052936578067,0.49616829993596173,0.3458285233173513,0.5763779527559055,1.377535174379493,0.3225806451612903,0.5,0.2,A giraffe standing in a field with trees in the background.,5.129450831002032
156740,MobileVLM_V2-1.7B-Q5_K,0.6363636363057852,0.5045249790613539,0.3046778943817922,4.336189089885767e-05,0.30970972623956206,0.5763779527559055,0.6898770994629024,0.18181818181818182,0.25,0.0,A display case filled with lots of different types of bread.,5.849878346998594
158005,MobileVLM_V2-1.7B-Q5_K,0.9999999997500004,0.8451542545096824,0.7094917057937421,0.6147881527768917,0.38435977337996763,0.8714285714285713,1.6563427941768725,0.2352941176470588,0.38095238095238093,0.2,A table with plates of food and silverware.,5.954914288005966
175102,MobileVLM_V2-1.7B-Q5_K,0.8888888886913584,0.8164965807406125,0.7249202484964744,0.660632863439242,0.3283523176766208,0.5893719806763285,1.2924423392769584,0.125,0.25,0.0,A man sitting at a table eating a doughnut.,5.141837230999954
184590,MobileVLM_V2-1.7B-Q5_K,0.7777777776913581,0.6236095643887031,0.381571414136243,5.516251531992326e-05,0.40652737193389404,0.594541910331384,1.7435724972643811,0.21428571428571425,0.4,0.2222222222222222,"A box of vegetables with carrots, lettuce, and radishes.",5.412657068001863
331627,MobileVLM_V2-1.7B-Q5_K,0.8824969023639716,0.8170333701882847,0.6653562813285195,0.5678504720513525,0.392727431374165,0.8148854961832059,2.66533145503254,0.23076923076923078,0.4444444444444445,0.16666666666666669,A man helping another man with his tie.,5.566662261997408
370209,MobileVLM_V2-1.7B-Q5_K,0.8571428570816327,0.5741692517206252,0.3017399903278499,3.975360175943345e-05,0.2421572702239142,0.5258620689655172,0.7877852527755056,0.20512820512820512,0.5714285714285715,0.0,A man is cooking in a kitchen with a lot of pots and pans.,5.565780554999947
393089,MobileVLM_V2-1.7B-Q5_K,0.7777777776049386,0.6236095643194133,0.4807498566549901,0.3688939731421322,0.36994920975398304,0.6666666666666666,1.3824582349529009,0.2962962962962963,0.5,0.15384615384615385,A boy is looking at a plate of food.,5.490589336004632
421169,MobileVLM_V2-1.7B-Q5_K,0.7272727271404961,0.38138503562716075,2.528298008651847e-06,6.704226836838146e-09,0.21704043987897023,0.5091819699499166,0.6501711428392223,0.14285714285714288,0.3333333333333333,0.0,A large passenger jet sitting on top of an airport runway.,5.245605475000048
422918,MobileVLM_V2-1.7B-Q5_K,0.8888888886913584,0.8164965807406125,0.7249202484964744,0.596949179054208,0.41483331039986276,0.8341880341880341,2.8072672482269367,0.2857142857142857,0.6,0.0,A woman sitting on a couch with a laptop.,5.0960643220023485
434858,MobileVLM_V2-1.7B-Q5_K,0.9999999998888891,0.8660254036821997,0.6850067105079096,0.48109772903225506,0.3133632622330649,0.6256410256410255,1.8876981688565666,0.3333333333333333,0.7499999999999999,0.22222222222222224,A vase filled with flowers sitting on a table.,5.164461942993512
460053,MobileVLM_V2-1.7B-Q5_K,0.6666666665185187,0.4999999998854169,0.329316877925984,4.939382735892778e-05,0.26495368706058153,0.5555555555555556,0.9078910678175249,0.2222222222222222,0.5714285714285715,0.0,A person laying on a toilet in a bathroom.,5.169136938995507
461774,MobileVLM_V2-1.7B-Q5_K,0.7777777776049386,0.44095855174304566,3.028534320667826e-06,8.24872000435789e-09,0.2435260396351176,0.5555555555555556,0.9567939171026671,0.21428571428571427,0.4444444444444444,0.0,A group of zebras standing in a grassy field.,5.238754357000289
461953,MobileVLM_V2-1.7B-Q5_K,0.6441233938804958,0.4016815091130278,2.894475287212757e-06,8.21563908155714e-09,0.2623032678816666,0.48897795591182364,0.8640410594045924,0.4166666666666667,0.5,0.33333333333333337,Two hot dogs on a paper plate.,4.859016659996996
500473,MobileVLM_V2-1.7B-Q5_K,0.9999999997500004,0.8451542545096824,0.6197980940738467,8.307018472056667e-05,0.3022094150103616,0.5820610687022901,1.0458517707289898,0.21621621621621623,0.47058823529411764,0.0,A store with lots of vegetables on display.,5.414736434002407
517687,MobileVLM_V2-1.7B-Q5_K,0.5454545454049587,0.4670993664523271,0.3646436716918694,0.2790159393287965,0.19126168492695902,0.4314002828854314,1.4512986577241602,0.21428571428571427,0.18181818181818182,0.0,Two cell phones are shown with the keyboard on the screen.,5.217628986007185
24755,MobileVLM_V2-1.7B-Q2_K,0.636363636247934,0.35675303393985225,0.24182300500457257,3.646285861215728e-05,0.24957276710109685,0.5091819699499166,1.0457593548907618,0.2,0.37499999999999994,0.0,A group of people riding skis on a snow covered slope.,4.399987926000904
92526,MobileVLM_V2-1.7B-Q2_K,0.8668778995025025,0.7078028410171759,0.4428644740695687,6.586847631137227e-05,0.37193374708498206,0.8356164383561644,1.5662402737969146,0.13793103448275862,0.33333333333333337,0.0,A giraffe is eating from a tree.,4.2709819080046145
106335,MobileVLM_V2-1.7B-Q2_K,0.4444444443456792,0.23570226034150096,1.994694934821646e-06,6.030725358915047e-09,0.1819853252109667,0.3333333333333333,0.3120286101569659,0.1176470588235294,0.28571428571428575,0.0,A car and truck are driving down a street.,4.293101967996336
119232,MobileVLM_V2-1.7B-Q2_K,0.6191984996446447,0.5982025825945981,0.5709550469345551,0.44815260178050215,0.24002629382591492,0.5269978401727862,1.6850786186423865,0.3157894736842105,0.25,0.0,A fighter jet is flying upside down.,4.530495362996589
150365,MobileVLM_V2-1.7B-Q2_K,0.8749999997812503,0.7905694148373941,0.7469007908913164,0.7071067809859904,0.35919818272395,0.6535714285714286,1.643128031081259,0.3448275862068966,0.6666666666666666,0.22222222222222224,A giraffe standing in a field with trees.,4.4360551520003355
156740,MobileVLM_V2-1.7B-Q2_K,0.6191984996446447,0.2991012912972992,2.493875876223122e-06,7.614310988684265e-09,0.1259702159485885,0.45607476635514016,0.21756593675399633,0.13333333333333333,0.25,0.0,A display of breads in a store.,4.252637060999405
158005,MobileVLM_V2-1.7B-Q2_K,0.5999999998800002,0.3651483715950527,2.55436477410356e-06,6.985342055045127e-09,0.13228462284209389,0.46329113924050636,0.1454620222568321,0.0392156862745098,0.1,0.0,A table with a red cloth and a red tablecloth.,4.38724385000387
175102,MobileVLM_V2-1.7B-Q2_K,0.9999999997777782,0.9999999997708338,0.8939035348843251,0.8307018472356643,0.3725416743313194,0.7721518987341772,1.5701329212784128,0.29411764705882354,0.375,0.19999999999999998,A man eating a hot dog in a restaurant.,4.382045530997857
184590,MobileVLM_V2-1.7B-Q2_K,0.8749999997812503,0.6123724355372341,3.968502628849637e-06,1.0573712631406612e-08,0.3687989353986207,0.625,1.7580429628985397,0.29629629629629634,0.6,0.2222222222222222,A box of vegetables with carrots and lettuce.,4.36705323500064
331627,MobileVLM_V2-1.7B-Q2_K,0.8824969023639716,0.8170333701882847,0.6653562813285195,0.5678504720513525,0.392727431374165,0.8148854961832059,2.66533145503254,0.23076923076923078,0.4444444444444445,0.16666666666666669,A man helping another man with his tie.,4.462788387005276
370209,MobileVLM_V2-1.7B-Q2_K,0.6514390573449302,0.5946797775724535,0.35850072906390207,5.233846518568202e-05,0.25336568786223684,0.5341506129597198,0.5549233523232294,0.1176470588235294,0.33333333333333337,0.0,A man is cooking in a kitchen.,4.42807311899378
393089,MobileVLM_V2-1.7B-Q2_K,0.636363636247934,0.504524979015488,0.38387009253436954,0.2899784414142025,0.283452326914347,0.5091819699499166,1.2279802276784082,0.28571428571428575,0.5,0.16666666666666669,A young boy smiles while looking at a plate of food.,4.550218697004311
421169,MobileVLM_V2-1.7B-Q2_K,0.6441233938804958,0.4919573682190146,0.33133470859910874,5.112863129953035e-05,0.28517591762526895,0.7334669338677354,0.8639390307539728,0.22222222222222218,0.3636363636363636,0.0,A large commercial airplane on a runway.,4.378476884994598
422918,MobileVLM_V2-1.7B-Q2_K,0.9999999997777782,0.9999999997708338,0.9999999997625665,0.9036020033861858,0.5320683358837734,0.9384615384615386,4.2485345048939305,0.38095238095238093,0.6,0.19999999999999998,A woman sitting on a couch using a laptop.,4.394416793002165
434858,MobileVLM_V2-1.7B-Q2_K,0.8668778995025025,0.791347633590941,0.6880414447805617,0.5154486829392567,0.40166433483483294,0.7981308411214955,2.2077156133154014,0.4166666666666667,0.5714285714285715,0.4444444444444445,A red vase with flowers in it.,4.352109825005755
460053,MobileVLM_V2-1.7B-Q2_K,0.5515605639774822,0.3729230059054938,0.2734849491240028,4.358989964947794e-05,0.24949150354270386,0.465648854961832,0.7053171088383019,0.2222222222222222,0.5714285714285715,0.0,A person is laying down on a toilet.,4.522768308001105
461774,MobileVLM_V2-1.7B-Q2_K,0.7499999998125003,0.5669467093670424,0.3769737204628541,5.721248422925795e-05,0.16823230268130707,0.5446428571428571,0.6243473771537659,0.07142857142857144,0.2222222222222222,0.0,A group of zebra standing in a field.,4.381858075001219
461953,MobileVLM_V2-1.7B-Q2_K,0.6618726767729786,0.40851668509414246,2.9062112472909207e-06,8.112994484315413e-09,0.25699825796945314,0.465648854961832,0.8935151022618124,0.3333333333333333,0.5,0.0,Two hot dogs sitting on a paper plate.,4.304103664995637
500473,MobileVLM_V2-1.7B-Q2_K,0.9999999997500004,0.8451542545096824,0.6197980940738467,8.307018472056667e-05,0.3022094150103616,0.5820610687022901,1.0458517707289898,0.21621621621621623,0.47058823529411764,0.0,A store with lots of vegetables on display.,4.371753054998408
517687,MobileVLM_V2-1.7B-Q2_K,0.9999999997500004,0.9999999997410718,0.9999999997301591,0.9457416087349345,0.42634989220714914,0.6887096774193548,2.624007479558112,0.28571428571428575,0.4,0.0,Two cell phones are sitting side by side.,4.201231108003412
